title,en,da_s,da_t,de_s,de_t,pt_s,pt_t
EXTENSION_NAME,Consent-O-Matic,Consent-O-Matic,Consent-O-Matic,Consent-O-Matic,Consent-O-Matic,Consent-O-Matic,Consent-O-Matic
EXTENSION_SUBTITLE,Your Choice - Applied Everywhere,Dit valg - Anvendt overalt,Your choice - Used everywhere,Ihre Wahl - Überall angewendet,Your Choice - Applied Everywhere,Sua Escolha - Aplicadada em todos os lugares,Your Choice - Applied Everywhere
YOUR_CHOICE,Your Choice,Dit valg,Your choice,Ihre Wahl,your choice,Sua Escolha,Your choice
RULE_LIST,Rule Lists,Regler,Rules,Regellisten,rule lists,Lista de Regras,List of Rules
ABOUT,About,Info,Info,Information,Information,Sobre,About
DEBUG,Dev,Dev,Dev,Dev,Dev,Dev,Dev
HIDE_OR_PIP_DESCRIPTION,"Select between the two modes, 'Hide' or 'Picture in Picture'","Vælg mellem de to tilstande, 'Skjul' eller 'Billede i billede'","Choose between the two modes, 'Hide' or 'Picture in Picture'",Wählen Sie zwischen den beiden Modi „Ausblenden“ oder „Bild im Bild“,"Choose between the two modes ""fade out"" or ""picture in picture""","Selecione entre os dois modos, 'Ocultar' ou 'Picture in Picture'","Select between the two modes, 'Hide' or 'Picture in Picture'"
HIDE_OR_PIP_HIDE_LABEL,'Hide' completely hides the CMP while answering it.,"'Skjul' skjuler CMP'en fuldstændigt, mens den besvares.",'Hide' hides the CMP completely while it is answered.,"„Ausblenden“ verbirgt das CMP vollständig, während es beantwortet wird.","""Hide"" completely hides the CMP while answering it.",'Ocultar' oculta completamente o CMP ao respondê-lo.,'Hide' completely hides the CMP when responding to it.
HIDE_OR_PIP_PIP_LABEL,'Picture in Picture' shows the CMP being answered in a small overlay.,"'Billede i billede' viser CMP'en, der besvares i en lille overlejring.",'Picture in Picture' shows the CMP being answered in a small overlay.,'Picture in Picture' mostra o CMP sendo respondido em uma pequena sobreposição.,'Picture in Picture' shows the CMP being responded to in a small overlay.,"„Bild im Bild“ zeigt in einem kleinen Overlay, dass die CMP beantwortet wird.","""Picture in picture"" shows in a small overlay that the CMP is being answered."
SETTINGS,Settings,Indstillinger,Settings,Einstellungen,settings,Definições,Definitions
SETTINGS_DESCRIPTION,Configure general settings,Konfigurer generelle indstillinger,Configure general settings,Allgemeine Einstellungen konfigurieren,Configure general settings,Definir configurações gerais,Configure general settings
CHOICE_DESCRIPTION,Configure what categories of tracking you would like to allow. Consent-O-Matic then fills out consent popups as best as possible based on your preferences. All tracking is rejected by default.,Konfigurer hvilke tracking-kategorier du gerne vil tillade. Så vil Consent-O-Matic udfylde samtykke-popups så godt den kan baseret på dine valg. Som standard bliver alt tracking afvist.,"Configure which tracking categories you would like to allow. Then Consent-O-Matic will populate consent popups as best it can based on your choices. By default, all tracking is rejected.","Legen Sie fest, welche Kategorien von Tracking Sie zulassen möchten. Consent-O-Matic füllt dann, basierend auf Ihren Voreinstellungen, die Zustimmungs-Popups so gut wie möglich aus. Standardmäßig wird jegliches Tracking abgelehnt.","Determine which categories of tracking you want to allow. Consent-O-Matic then fills in the consent pop-ups as best it can based on your preferences. By default, all tracking is rejected.",Configure quais categorias de rastreamento você gostaria de permitir. O Consent-O-Matic preenche os pop-ups de consentimento da melhor forma possível com base em suas preferências. Todos os rastreamentos são rejeitados por padrão.,Configure which tracking categories you would like to allow. Consent-O-Matic fills in the consent popups as best it can based on your preferences. All traces are rejected by default.
RULES_DESCRIPTION,Consent-O-Matic comes with a set of rules that tell it how to understand each kind of GDPR consent popup. You can add more sources of rules here - or even create your own list and share it with others!,Sammen med Consent-O-Matic følger et sæt af regler der beskriver hvordan hver enkelt slags GDPR-samtykke-popup skal behandles. Du kan tilføje flere regel-kilder her - eller oprette din egen liste og dele den med andre!,Along with Consent-O-Matic comes a set of rules that describe how each type of GDPR consent popup must be treated. You can add more rule sources here - or create your own list and share it with others!,"Consent-O-Matic wird mit einer Reihe von Regeln geliefert, die ihm sagen, wie es jede Art von GDPR-Einwilligungs-Popup verstehen soll. Sie können hier weitere Quellen für Regeln hinzufügen - oder sogar Ihre eigene Liste erstellen und sie mit anderen teilen!",Consent-O-Matic comes with a set of rules telling it how to understand any type of GDPR consent popup. You can add more sources for rules here - or even create your own list and share it with others!,O Consent-O-Matic vem com um conjunto de regras de como entender cada tipo de pop-up de consentimento do GDPR. Você pode adicionar mais regras aqui - ou até mesmo criar sua própria lista e compartilhá-la com outras pessoas!,Consent-O-Matic comes with a set of rules on how to understand each type of GDPR consent popup. You can add more rules here - or even create your own list and share it with others!
ADD_LIST,Add List,Tilføj liste,Add list,Liste hinzufügen,Add List,Adicionar Lista,Add List
RULES_UPDATE_DESCRIPTION,All the rule lists are updated automatically every 22-48 hours or you can,"Alle listerne med regler opdateres automatisk engang hver 22-48 time, eller du kan",All the lists of rules are automatically updated once every 22-48 hours or you can,Alle Regellisten werden automatisch alle 22-48 Stunden aktualisiert oder Sie können,All rules lists are automatically updated every 22-48 hours or you can,Todas as listas de regras são atualizadas automaticamente a cada 22-48 horas ou você pode,All rule lists are automatically updated every 22-48 hours or you can
UPDATE_RULES_NOW,Update Rules Now,Opdater regler nu,Update rules now,Die Regeln jetzt aktualisieren,Update the rules now,Atualizar Regras Agora,Update Rules Now
RULE_GENERATOR,Rule List Generator,Regel liste generator,Rule list generator,Regellistegenerator,Rule List Generator,Gerador de Lista de Regras,Rule List Generator
RULE_GENERATOR_DESCRIPTION,As an alternative to writing JSON rules by hand it is also possible to create rules using this drag-n-drop editor:,"Som alternativ til at skrive JSON-reglerne i hånden, er det også muligt at lave regler med denne drag-n-drop editor:","As an alternative to writing the JSON rules by hand, it is also possible to create rules with this drag-n-drop editor:","Statt JSON Regeln manuell zu schreiben, können Sie alternativ Regeln erstellen mihilfe des drag-n-drop  Editor:","Alternatively, instead of writing JSON rules manually, you can create rules using the drag-n-drop editor:","Como alternativa a escrever regras JSON manualmente, também é possível criá-las usando este editor de arrastar e soltar:","As an alternative to writing JSON rules manually, you can also create them using this drag-and-drop editor:"
OPEN_RULE_GENERATOR,Open Rule Editor,Redigér Regler,Edit Rules,Regeleditor öffnen,Open rule editor,Abrir Editor de Regras,Open Rule Editor
CLEAR,Clear,Ryd,Clean up,Löschen,Extinguish,Limpar,Clean
ABOUT_DESCRIPTION,Here you can see how many times a popup has been filled out and just how many clicks Consent-O-Matic has saved you.,"Her kan du se hvor mange gange der er blevet udfyldt en popup for dig, og hvor mange klik Consent-O-Matic har sparet dig.",Here you can see how many times a popup has been completed for you and how many clicks Consent-O-Matic has saved you.,Hier können Sie sehen wie häufig ein Popup ausgefüllt wurde und wie viele Klicks dank des Consent-O-Matic gespart wurden.,Here you can see how often a popup was filled out and how many clicks were saved thanks to the Consent-O-Matic.,Aqui você pode ver quantas vezes um pop-up foi preenchido e quantos cliques o Consent-O-Matic economizou para você.,Here you can see how many times a popup has been filled and how many clicks Consent-O-Matic has saved you.
CLICKS_SAVED,clicks saved,klik sparet,click saved,gesparte Klicks,saved clicks,cliques economizados,saved clicks
CLICK_DELAY_DESCRIPTION,Wait a short time between performing each action or mouse gesture,Vent en kort periode i mellem udførslen af hver handling eller muse gesture,Wait a short period of time between performing each action or mouse gesture,Eine kurze Zeit zwischen den einzelnen Aktionen oder Mausgesten warten,Wait a short time between each action or mouse gesture,Aguarde um pouco entre a execução de cada ação ou movimento do mouse,Wait a while between performing each mouse action or movement
SKIP_SUBMIT_DESCRIPTION,Perform actions normally but do not submit the consent,"Udfør handlinger normalt, men lad være med at indsende samtykket","Perform actions normally, but do not submit the consent","Aktionen normal ausführen, aber die Zustimmung nicht abgeben","Carry out actions normally, but do not give consent","Execute as ações normalmente, mas não envie o consentimento","Perform actions as normal, but do not send consent"
PAINT_MATCHERS_DESCRIPTION,Visual feedback while matching consent choices,Visuel feedback mens samtykkevalg matches,Visual feedback while consent choices are matched,Visuelles Feedback beim Abgleich von Einwilligungsentscheidungen,Visual feedback when reconciling consent decisions,Feedback visual ao combinar opções de consentimento,Visual feedback when combining consent options
DEBUG_CLICKS_DESCRIPTION,Debug clicks to the log,Debug klik til loggen,Debug click to the log,Debug Klicks im log,Debug clicks in log,Depurar cliques no log,Debug non-log clicks
ALWAYS_FORCE_UPDATE_DESCRIPTION,Always force a reload of the rules on each page load,Tving genlæsning af reglerne ved hver side hentning,Force rereading of the rules on every page fetch,Erzwingen ein Neuladen der Regeln bei jedem Laden einer Seite,Force a reload of the rules on every page load,Sempre force o recarregamento das regras em cada carregamento de página,Always force reload rules on every page load
SKIP_HIDE_DESCRIPTION,"Skips the HIDE_CMP method, to better see what's going on behind the scenes.","Spring HIDE_CMP metoden over, for bedre at se hvad der foregår bag kulisserne.",Skip the HIDE_CMP method to better see what's going on behind the scenes.,"Überspringt die HIDE_CMP-Methode, um besser sehen zu können, was hinter den Kulissen vor sich geht.",Skips the HIDE_CMP method to get a better look at what's going on behind the scenes.,"Ignora o método HIDE_CMP, para ver melhor o que está acontecendo nos bastidores.","Bypass the HIDE_CMP method, to better see what's going on behind the scenes."
EXTRA_DEBUG_DESCRIPTION,Enables extra debug logging,Aktiver ekstra debug logning,Enable additional debug logging,Aktiviert zusätzliche Debug-logging,Enables additional debug logging,Habilita log adicional de depuração,Enable additional debug logging
INFORMATION_NAME,Information Storage and Access,Opbevaring og adgang til information,Storage and access to information,Informationsspeicherung und -zugriff,Information Storage and Access,Armazenamento e Acesso à Informação,Storage and Access to Information
INFORMATION_DESCRIPTION,"Storage of information or access to information that is already stored on your device - such as advertising identifiers, device identifiers, cookies, and similar technologies.","Lagring af information eller adgang til information, der allerede er gemt på din enhed - såsom reklame-id'er, enhedsidentifikatorer, cookies og lignende teknologier.","Storing information or accessing information already stored on your device - such as advertising IDs, device identifiers, cookies and similar technologies.","Speicherung von Informationen oder Zugriff auf Informationen, die bereits auf Ihrem Gerät gespeichert sind - wie Werbekennungen, Gerätekennungen, Cookies und ähnliche Technologien.","Storing information or accessing information already stored on your device - such as advertising identifiers, device identifiers, cookies and similar technologies.","Armazenamento de informações ou acesso à informações que já estão armazenadas em seu dispositivo - como identificadores publicitários, identificadores de dispositivo, cookies e tecnologias semelhantes.","Storing information or accessing information that is already stored on your device - such as advertising identifiers, device identifiers, cookies and similar technologies."
PREFERENCES_NAME,Preferences and Functionality,Præferencer og funktionalitet,Preferences and functionality,Präferenzen und Funktionalitäten,Preferences and Functionalities,Preferências e Funcionalidade,Preferences and Functionality
PREFERENCES_DESCRIPTION,"Allow sites to remember choices you make (such as your user name, language or the region you are located in) and provide enhanced, more personal features. For instance, these cookies can be used to remember your login details, changes you have made to text size, fonts and other parts of web pages that you can customize. They may also be used to provide services you have asked for such as watching a video or commenting on a blog. The information in these cookies is not used to track your browsing activity on other websites.","Tillad websteder at huske valg, du laver (f.eks. dit brugernavn, sprog eller den region du er placeret i) og giver forbedrede, mere personlige funktioner. For eksempel kan disse cookies bruges til at huske dine loginoplysninger, ændringer, du har lavet til tekststørrelse, skrifttyper og andre dele af websider, som du kan tilpasse. De kan også bruges til at levere tjenester, du har bedt om, f.eks. at se en video eller kommentere på en blog. Oplysningerne i disse cookies bruges ikke til at spore din browsingaktivitet på andre hjemmesider.","Allow websites to remember choices you make (such as your username, language, or the region you're located in) and provide enhanced, more personalized features. For example, these cookies can be used to remember your login details, changes you have made to text size, fonts and other parts of web pages that you can customize. They may also be used to provide services you have requested, e.g. to watch a video or comment on a blog. The information in these cookies is not used to track your browsing activity on other websites.","Erlauben Sie es den Websites, sich an die von Ihnen getroffene Wahl zu erinnern (z. B. an Ihren Benutzernamen, Sprache oder die Region, in der Sie sich befinden) und verbesserte, persönlichere Funktionen bereitzustellen. Diese Cookies können zum Beispiel verwendet werden, um Ihre Anmeldedaten, Änderungen an der Textgröße und Schriftarten und anderen Teile der Webseiten, die Sie anpassen können, zu speichern. Sie können auch dazu verwendet werden, um Dienste, die Sie angefordert haben, bereitzustellen, wie z. B. das Ansehen eines Videos oder das Kommentieren in einem Blog. Die Informationen in diesen Cookies werden nicht dazu verwendet, um Ihre Surfaktivitäten auf anderen Websites zu verfolgen.","Allow websites to remember choices you make (such as your username, language, or the region you are in) and provide enhanced, more personal features. For example, these cookies can be used to remember your login details, changes to text size and fonts and other parts of web pages that you can customise. They can also be used to provide services you have requested, such as B. watching a video or commenting on a blog. The information in these cookies is not used to track your browsing activity on other websites.","Permita que os sites lembrem as escolhas que você faz (como seu nome de usuário, idioma ou região em que você está localizado) e forneçam recursos aprimorados e mais personalizados. Por exemplo, esses cookies podem ser usados para lembrar seus detalhes de login, alterações feitas no tamanho do texto, fontes e outros atributos de páginas da web que você pode personalizar. Eles também podem ser usados para fornecer serviços que você solicitou, como assistir a um vídeo ou comentar em um blog. As informações nesses cookies não são usadas para rastrear sua atividade de navegação em outros sites.","Allow websites to remember choices you make (such as your username, language, or the region you are located in) and provide enhanced, more personalized features. For example, these cookies may be used to remember your login details, changes made to text size, fonts and other attributes of web pages that you can customize. They can also be used to provide services you have requested, such as watching a video or commenting on a blog. The information in these cookies is not used to track your browsing activity on other websites."
PERFORMANCE_NAME,Performance and Analytics,Ydelse og analyse,Performance and analysis,Leistung und Analytik,performance and analytics,Desempenho e Analytics,Performance and Analytics
PERFORMANCE_DESCRIPTION,"The collection of information, and combination with previously collected information, to measure, understand, and report, on your usage of the services. This allows websites to count visits and traffic sources so they can measure and improve the performance of the site. It helps them know which pages are the most and least popular, see how visitors move around the site, and where visitors come from.","Indsamling af oplysninger og kombination med tidligere indsamlede oplysninger, til at måle, forstå og rapporterer på din brug af tjenesterne. Dette gør det muligt for websteder at tælle besøg og trafikkilder, så de kan måle og forbedre ydeevnen på webstedet. Det hjælper dem med at vide, hvilke sider der er mest og mindst populære, se hvordan besøgende bevæger sig rundt på webstedet, og hvor besøgende kommer fra.","Collection of information and combination with previously collected information to measure, understand and report on your use of the Services. This allows websites to count visits and traffic sources so they can measure and improve website performance. It helps them know which pages are most and least popular, see how visitors move around the site, and where visitors are coming from.","Die Sammlung von Informationen und die Kombination mit zuvor gesammelten Informationen, um Ihre Nutzung der Dienste zu messen, zu verstehen und darüber zu berichten. Auf diese Weise können Websites Besuche und Quellen zählen, damit sie die Leistung der Website messen und verbessern können. Auf diese Weise erfahren sie, welche Seiten am beliebtesten und am unbeliebtesten sind, wie sich die Besucher auf der Website bewegen und woher sie kommen.","Collecting information and combining it with previously collected information to measure, understand and report on your use of the Services. This allows websites to count visits and sources so they can measure and improve website performance. This lets them know which pages are the most popular and least popular, how visitors move around the site and where they are coming from.","Coleta de informações e combinação com informações coletadas anteriormente para medir, entender e relatar o seu uso dos serviços. Isso permite que os sites contem visitas e origens de tráfego para que possam medir e melhorar o desempenho do site. Isso os ajuda a saber quais páginas são as mais e menos populares, ver como os visitantes navegam pelo site e de onde vêm os visitantes.","Collection of information and combination with previously collected information to measure, understand and report on your use of the Services. This allows sites to count visits and traffic sources so they can measure and improve site performance. This helps them know which pages are the most and least popular, see how visitors navigate their site and where visitors are coming from."
CONTENT_NAME,"Content selection, delivery, and reporting","Indholdsvalg, levering og rapportering","Content selection, delivery and reporting","Auswahl, Bereitstellung und Berichterstattung von Inhalten","Content Selection, Delivery and Reporting","Seleção de conteúdo, entrega e relatórios","Content selection, delivery and reporting"
CONTENT_DESCRIPTION,"Collection of information, and combination with previously collected information, to select and deliver content for you, and to measure the delivery and effectiveness of such content. This includes using previously collected information about your interests to select content, processing data about what <b>content</b> was shown, how often or how long it was shown, when and where it was shown, and whether you took any action related to the content, including for example clicking on content. The data will be used to personalise content on the website itself, but also in other contexts such as other websites, apps, browsers, and devices.","Indsamling af oplysninger og kombination med tidligere indsamlede oplysninger, for at vælge og levere indhold til dig og for at måle levering og effektivitet af sådant indhold. Dette inkluderer tidligere indsamlet information om dine interesser for at vælge indhold, behandle data om, hvad <b>indhold</b> der blev vist, hvor ofte eller hvor længe det blev vist, hvornår og hvor det blev vist, og om du tog nogen handling relateret til indholdet, herunder for eksempel at klikke på indhold. Dataene vil blive brugt til at personliggøre indhold på selve hjemmesiden, men også i andre sammenhænge som andre hjemmesider, apps, browsere og enheder.","Collecting information and combining it with previously collected information to select and deliver content to you and to measure the delivery and effectiveness of such content. This includes previously collected information about your interests to select content, process data about what <b>content</b> was viewed, how often or how long it was viewed, when and where it was viewed, and whether you took any action related to the Content, including, for example, clicking on Content. The data will be used to personalize content on the website itself, but also in other contexts such as other websites, apps, browsers and devices.","Sammlung von Informationen und Kombination mit zuvor gesammelten Informationen, um Inhalte für Sie auszuwählen und bereitzustellen und um die Bereitstellung und Effektivität dieser Inhalte zu messen. Dies beinhaltet die Verwendung von zuvor gesammelten Informationen über Ihre Interessen zur Auswahl von Inhalten, der Verarbeitung von Daten darüber, welche <b>Inhalte</b> gezeigt wurden, wie häufig oder wie lange diese gezeigt wurden, wann und wo sie gezeigt wurden und ob Sie irgendeine Aktion im Zusammenhang mit den Inhalten durchgeführt haben, z. B. das Anklicken von Inhalten. Die Daten werden dazu verwendet Inhalte auf der Website selbst, aber auch in anderen Kontexten wie anderen Websites, Apps, Browsern und Geräten, zu personalisieren.","Collection of information and combination with previously collected information to select and deliver content to you and to measure the delivery and effectiveness of that content. This includes using previously collected information about your interests to select content, processing data on what <b>content</b> was shown, how often or for how long it was shown, when and where it was shown and whether you have taken any action in connection with the content, e.g. B. clicking on content. The data is used to personalize content on the website itself, but also in other contexts such as other websites, apps, browsers and devices.","Coleta de informações e combinação com informações coletadas anteriormente para selecionar e fornecer conteúdo para você e para medir a entrega e a eficácia de tal conteúdo. Isso inclui o uso de informações coletadas anteriormente sobre seus interesses para selecionar conteúdo, processar dados sobre qual <b>conteúdo</b> foi exibido, com que frequência ou por quanto tempo foi exibido, quando e onde foi exibido e se você realizou alguma ação relacionados ao conteúdo, incluindo, por exemplo, clicar no conteúdo. Os dados serão usados para personalizar o conteúdo do próprio site, mas também em outros contextos, como outros sites, aplicativos, navegadores e dispositivos.","Collection of information and combination with previously collected information to select and provide content to you and to measure the delivery and effectiveness of such content. This includes using previously collected information about your interests to select content, process data about what <b>content</b> was displayed, how often or for how long it was displayed, when and where it was displayed, and whether you performed any action related to the content, including, for example, clicking on the content. The data will be used to personalize the content of the website itself, but also in other contexts, such as other websites, applications, browsers and devices."
AD_NAME,"Ad selection, delivery, and reporting","Annoncevalg, levering og rapportering","Ad selection, delivery and reporting","Anzeigenauswahl, -zustellung  und -berichterstattung","Ad selection, delivery and reporting","Seleção, exibição e relatórios de anúncios","Ad selection, display and reporting"
AD_DESCRIPTION,"Collection of information, and combination with previously collected information, to select and deliver advertisements, and to measure the delivery and effectiveness of such advertisements. This includes using previously collected information about your interests to select ads, processing data about what <b>advertisements</b> were shown, how often they were shown, when and where they were shown, and whether you took any action related to the advertisement, including for example clicking an ad or making a purchase. The data will be used to personalise advertising on the website itself, but also in other contexts such as other websites, apps, browsers, and devices.<br><br>Also includes:<br>Google","Indsamling af oplysninger og kombination med tidligere indsamlet information for at vælge og levere reklamer og for at måle levering og effektivitet af sådanne annoncer. Dette omfatter ved hjælp af tidligere indsamlede oplysninger om dine interesser for at vælge annoncer, behandlingsdata om, hvad <b>reklamer</b> der blev vist, hvor ofte de blev vist, hvornår og hvor de blev vist, og om du tog nogen handling relateret til annoncen, herunder for eksempel at klikke på en annonce eller foretage et køb. Dataene vil blive brugt til at personliggøre reklamer på selve hjemmesiden, men også i andre sammenhænge som andre hjemmesider, apps, browsere og enheder.<br><br>Inkluderer:<br> Google","Collecting information and combining it with previously collected information to select and deliver advertisements and to measure the delivery and effectiveness of such advertisements. This includes using previously collected information about your interests to select ads, processing data about what <b>advertisements</b> were shown, how often they were shown, when and where they were shown, and whether you took any action related to the ad, including, for example, clicking on an ad or making a purchase. The data will be used to personalize advertising on the website itself, but also in other contexts such as other websites, apps, browsers and devices.<br><br>Includes:<br> Google","Sammlung von Informationen und Kombination mit zuvor gesammelten Informationen, um Werbung für Sie auszuwählen und bereitzustellen und um die Bereitstellung und Effektivität solcher Werbung zu messen. Dies beinhaltet die Verwendung von zuvor erfasster Informationen über Ihre Interessen zur Auswahl von Werbungen, der Verarbeitung von Daten darüber, welche <b>Werbungen</b> gezeigt wurden, wie häufig diese gezeigt wurden, wann und wo sie gezeigt wurden und ob Sie irgendeine Aktion im Zusammenhang mit den Werbungen durchgeführt haben, z. B. auf eine Anzeige klicken oder einen Kauf tätigen. Die Daten werden dazu verwendet Werbung auf der Website selbst, aber auch in anderen Kontexten wie anderen Websites, Apps, Browsern und Geräten, zu personalisieren.<br><br>Beinhaltet auch:<br>Google","Collection of information and combination with previously collected information to select and deliver advertisements to you and to measure the delivery and effectiveness of such advertisements. This includes using previously collected information about your interests to select ads, processing data about what <b>advertisements</b> were shown, how often they were shown, when and where they were shown and if you have any have taken action in connection with the advertisements, e.g. B. Click on an ad or make a purchase. The data is used to personalize advertising on the website itself, but also in other contexts such as other websites, apps, browsers and devices.<br><br>Also includes:<br>Google","Coleta de informações e combinação com informações coletadas anteriormente para selecionar e entregar anúncios e medir a entrega e eficácia de tais anúncios. Isso inclui o uso de informações coletadas anteriormente sobre seus interesses para selecionar anúncios, processar dados sobre quais <b>anúncios</b> foram exibidos, com que frequência foram exibidos, quando e onde foram exibidos e se você realizou alguma ação relacionada ao anúncio, incluindo, por exemplo, clicar em um anúncio ou fazer uma compra. Os dados serão usados para personalizar a publicidade no próprio site, mas também em outros contextos, como outros sites, aplicativos, navegadores e dispositivos.<br><br>Também inclui:<br>Google","Collection of information and combination with previously collected information to select and deliver advertisements and measure the delivery and effectiveness of such advertisements. This includes using previously collected information about your interests to select ads, process data about which <b>ads</b> were displayed, how often they were displayed, when and where they were displayed, and whether you took any ad-related action. , including, for example, clicking on an ad or making a purchase. The data will be used to personalize advertising on the website itself, but also in other contexts such as other websites, applications, browsers and devices.<br><br>Also includes:<br>Google"
OTHER_NAME,Other Purposes,Andre formål,Other purposes,Andere Zwecke,other purposes,Outras Finalidades,Other Purposes
OTHER_DESCRIPTION,Unclassified data collection for which the purpose is not clearly described by the website or where the data collection and processing does not fit any other category,"Uklassificeret dataindsamling, for hvilket formålet ikke er tydeligt beskrevet af hjemmesiden, eller hvor dataindsamling og -behandlingen ikke passer til nogen anden kategori","Unclassified data collection, for which the purpose is not clearly described by the website, or where the data collection and processing does not fit into any other category","Nicht klassifizierte Datenerhebung, deren Zweck auf der Website nicht eindeutig beschrieben ist, oder deren Erhebung und Verarbeitung in keine andere Kategorie fällt","Unclassified data collection, the purpose of which is not clearly described on the website, or the collection and processing of which does not fall into any other category",Coleta de dados não classificados para as quais a finalidade não é claramente descrita pelo site ou onde a coleta e o processamento de dados não se enquadram em nenhuma outra categoria,Collection of unclassified data for which the purpose is not clearly described by the website or where the collection and processing of data does not fall into any other category
AUTOFILL_NOT_WORKING,GDPR autofill didn't work?,Virkede autoudfyldningen ikke?,Did the autofill not work?,GDPR-Autofill hat nicht funktioniert?,GDPR autofill didn't work?,O preenchimento automático do GDPR não funcionou?,GDPR autocomplete not working?
LET_US_KNOW,Let us know!,Fortæl os!,Tell us!,Lassen Sie es uns wissen!,Let us know!,Nos informe!,Inform us!
KEEP_RUNNING,Keep running on this site?,Fortsæt med at køre på denne side?,Continue driving on this page?,Weiter auf dieser Website ausführen?,Continue on this site?,Continuar executando neste site?,Continue running on this site?
MORE_ADDON_SETTINGS,More Add-on Settings,Flere addon indstillinger,More addon settings,Weitere Add-on-Einstellungen,More add-on settings,Mais configurações do Add-on,More Addon Settings
EDITOR_HEADER,GDPR Consent Rules Editor,GDPR samtykke regel-editor,GDPR consent rule editor,Editor für die GDPR-Zustimmungsregeln,Editor for the GDPR consent rules,Editor de regras de consentimento GDPR,GDPR Consent Rule Editor
MENU,Menu,Menu,Menu,Menü,menu,Menu,Menu
BACK,Back,Tilbage,Back,Zurück,Return,Voltar,Come back
SAVE_CUSTOM_RULE,Save Custom Rule,Gem brugerdefineret regel,Save custom rule,Benutzerdefinierte Regel speichern,Save custom rule,Salvar regra customizada,Save custom rule
EXPORT_JSON,Export JSON,Eksportér JSON,Export JSON,JSON exportieren,Export JSON,Exportar JSON,Export JSON
COLLAPSE_ALL,Collapse All,Skjul alle,Hide all,Alle ausblenden,Hide all,Recolher Todos,Collect all
UNCOLLAPSE_ALL,Uncollapse all,Vis alle,Show all,Alle anzeigen,Show all,Expandir Todos,Expand All
DRAGGABLE_ELEMENTS,Draggable Elements,Trækbare elementer,Drawable elements,Verschiebbare Elemente,Movable items,Elementos Arrastáveis,Dragable Elements
DETECTOR,Detector,Detektor,Detector,Detektor,Detector,Detector,Detector
CSS_MATCHER,CssMatcher,CssSammenligner,CssCompare,CssAbgleich,cssmatch,CssMatcher,CssMatcher
URL_MATCHER,UrlMatcher,UrlSammenligner,UrlComparer,UrlAbgleich,UrlMatch,UrlMatcher,UrlMatcher
URL_MATCHER_DESCRIPTION,Matches 'location.origin' against a list of urls,Matcher 'location.origin' mod en liste over URL'er,Matches 'location.origin' against a list of URLs,Gleicht 'location.origin' mit einer Liste von URLs ab,Matches 'location.origin' against a list of URLs,Corresponde a 'location.origin' a uma lista de URLs,Matches 'location.origin' to a list of URLs
URL_LABEL,Url,Url,Url,Url,Url,Url,Url
URL_LABEL_HELP,"The urls to test against, if one matches the matcher is true","Webadresserne til at teste op imod, hvis en af dem matcher, er sammenligneren sand","The URLs to test against, if one of them matches the comparator is true","Die URLs, gegen die getestet werden soll, wenn einer übereinstimmt, ist der Matcher wahr","The URLs to test against, if any match, the matcher is true","Os URLs para testar, se um corresponder, o matcher é verdadeiro","The URLs to test, if one matches, the matcher is true"
REGEXP_LABEL,RegExp,RegExp,RegExp,RegExp,RegExp,RegExp,RegExp
REGEXP_LABEL_HELP,Treats the url as a regular expression.,Behandler url'en som et regulært udtryk.,Treats the url as a regular expression.,Behandelt die URL als regulären Ausdruck.,Treats the URL as a regular expression.,Trata o URL como uma expressão regular.,Treat the URL as a regular expression.
CHECKBOX_MATCHER,CheckboxMatcher,CheckboksSammenligner,Checkbox Compares,CheckboxAbgleich,CheckboxAbgleich,CheckboxMatcher,CheckboxMatcher
CLICK_ACTION,ClickAction,KlikHandling,ClickHandling,KlickAktion,ClickAction,ClickAction,ClickAction
MULTICLICK_ACTION,MultiClickAction,MultiKlikHandling,MultiClickAction,MultiKlickAktion,MultiClickAction,MultiClickAction,MultiClickAction
CONSENT_ACTION,ConsentAction,SamtykkeHandling,Consent Act,ZustimmungAktion,consentaction,ConsentAction,ConsentAction
LIST_ACTION,ListAction,ListeHandling,ListAction,ListenAktion,ListenAktion,ListAction,ListAction
WAIT_CSS_ACTION,WaitCssAction,VentCssHandling,VentCssHandling,WarteCssAktion,WaitCssAction,WaitCssAction,WaitCssAction
IF_CSS_ACTION,IfCssAction,IfCssHandling,IfCssHandling,IfCssAktion,IfCssAction,IfCssAction,IfCssAction
FOR_EACH_ACTION,ForEachAction,ForEachHandling,ForEachHandling,BeiJederAktion,AtEveryAction,ForEachAction,ForEachAction
SLIDE_ACTION,SlideAction,SlideHandling,SlideHandling,SchiebeAktion,slide action,SlideAction,SlideAction
CLOSE_ACTION,CloseAction,LukHandling,LukHandling,SchliessAktion,closing action,CloseAction,CloseAction
HIDE_ACTION,HideAction,SkjulHandling,HideAction,AusblendeAktion,HideAction,HideAction,HideAction
WAIT_ACTION,WaitAction,VentHandling,VentHandling,WarteAktion,WaitAction,WaitAction,WaitAction
CONSENT,Consent,Samtykke,Consent,Zustimmung,approval,Consentimento,Consent
CONSENTS,Consents,Samtykker,Consent,Zustimmungen,consents,Consentimentos,consents
DOM_SELECTOR,DOMSelector,DOMVælger,JUDGMENT voter,DOMWähler,DOM voter,DOMSelector,DOMSelector
TRASH,Trash,Papirkurv,Recycle bin,Papierkorb,waste paper bin,Lixeira,Trash can
LOAD_RULES,Load Rules,Indlæs regler,Load rules,Regeln laden,load rules,Carregar Regras,load rules
FROM_PLUGIN_SOURCE,From Plugin Sources,Fra Addon-kilderne,From the Addon sources,Aus Plugin Quellen,From plugin sources,De Fontes de Plug-ins,From Sources to Plug-ins
LOAD,Load,Indlæs,Load,Laden,Laden,Carregar,To charge
FROM_CUSTOM_RULES,From Your Custom Rules,Fra dine brugerdefinerede regler,From your custom rules,Von Ihren benutzerdefinierten Regeln,From your custom rules,De suas regras personalizadas,From your custom rules
DELETE,Delete,Slet,Delete,Löschen,Extinguish,Excluir,Delete
FROM_PASTED_JSON,From Pasted JSON,Fra indsat JSON,From inserted JSON,Aus JSON einfügen,Paste from JSON,Do JSON Colado,From Pasted JSON
CREATE_FROM_SCRATCH,..or Create a New Rule From Scratch:,..eller opret en ny regel fra bunden:,..or create a new rule from scratch:,..oder eine neue Regel von Grund auf erstellen,..or create a new rule from scratch,..ou Crie uma Nova Regra do Zero:,..or Create a New Rule from Scratch:
CREATE_NEW_RULE,Create New Rule,Opret ny regel,Create new rule,Neue Regel erstellen,Create new rule,Criar Nova Regra,Create New Rule
SELECT,Select,Vælg,choose,Auswählen,Choose,Selecionar,Select
CONSENT_MANAGEMENT_PROVIDER_POPUP,Consent Management Popup Provider Settings,Indstillinger for samtykke popup-udbyder,Popup provider consent settings,Popup-Anbietereinstellungen für die Zustimmungsverwaltung,Pop-up provider settings for consent management,Configurações do fornecedor de Consent Management Popup,Consent Management Popup Provider Settings
NAME_OF_CMP,Name of CMP,Navn på CMP,Name of CMP,Name der CMP,Name der CMP,Nome do CMP,CMP name
NAME_OF_CMP_HELP,This is the name that will be displayed to the user when the popup is detected,Dette er navnet som vil blive vist til brugeren når denne udbyder detekteres,This is the name that will be displayed to the user when this provider is detected,"Dies ist der Name, der dem Benutzer angezeigt wird, wenn das Popup erkannt wird",This is the name that will be shown to the user when the toast is detected,Este é o nome que será exibido ao usuário quando o pop-up for detectado,This is the name that will be displayed to the user when the popup is detected
DRAG_HINT,Hint: Dragging while holding CTRL will copy the dragged subtree instead of moving it.,"Hint: Træk imens CTRL holdes nede, kopierer det trækkede subtræ istedet for at flytte det",Hint: Dragging while holding CTRL will copy the dragged subtree instead of moving it,"Tipp: Wenn Sie bei gedrückter STRG-Taste draggen, wird der gewählte Teil des Baumdiagramms kopiert, anstatt ihn zu verschieben.","Tip: If you drag while holding down the CTRL key, the selected part of the tree diagram is copied instead of being moved.",Dica: Arrastar mantendo a tecla CTRL pressionada irá copiará a subárvore arrastada ao invés de movê-la.,Tip: Dragging while holding down the CTRL key will copy the dragged subtree instead of moving it.
DETECTORS,Detectors:,Detektorer:,Detectors:,Detektoren:,The detector:,Detectores:,Detectors:
DETECTORS_HELP,"Detectors are used to determine when a consent popup of this type has appeared on the screen. There can often be multiple detectors for the same popup if different variants exist (bottom bar, middle popup etc)","Detektorer bruges til at afgøre, hvornår en samtykke-popup af denne type er dukket op på skærmen. Der kan ofte være flere detektorer for den samme popup, hvis der findes forskellige varianter (nederste bjælke, midterste popup osv.)","Detectors are used to determine when a consent popup of this type has appeared on the screen. There can often be multiple detectors for the same popup if there are different variants (bottom bar, middle popup, etc.)","Detektoren werden verwendet, um festzustellen, wann ein Popup-Fenster dieser Art auf dem Bildschirm erscheint. Es kann oft mehrere Detektoren für dasselbe Popup geben, wenn verschiedene Varianten existieren (unterer Balken, mittleres Popup usw.)","Detectors are used to determine when a pop-up window of this type appears on the screen. There can often be multiple detectors for the same popup if different variants exist (bottom bar, middle popup, etc.)","Detectores são usados para determinar quando um pop-up de consentimento desse tipo apareceu na tela. Muitas vezes, pode haver vários detectores para o mesmo pop-up se existirem diferentes variantes (barra inferior, pop-up do meio, etc.)","Detectors are used to determine when such a consent popup has appeared on the screen. Often there can be multiple detectors for the same popup if there are different variants (bottom bar, middle popup, etc.)"
METHODS,Methods:,Metoder:,Methods:,Methoden:,Methods:,Métodos:,Methods:
METHODS_HELP,Methods are executed when a popup has been detected by a detector. They serve different purposes such as opening and saving the consent configuration dialog.,"Metoder udføres, når en popup er blevet detekteret af en detektor. De tjener forskellige formål, såsom at åbne og gemme dialogboksen for samtykkekonfiguration.","Methods are executed when a popup has been detected by a detector. They serve different purposes, such as opening and saving the consent configuration dialog box.","Methoden werden ausgeführt, wenn ein Popup von einem Detektor erkannt wurde. Sie dienen verschiedenen Zwecken, z. B. Öffnen und Speichern des Konfigurationsdialogs für die Zustimmung.","Methods are executed when a popup is detected by a detector. They serve different purposes, e.g. B. Open and save the consent configuration dialog.","Métodos executados quando um pop-up é identificado por um detector. Eles servem a propósitos diferentes, como abrir e salvar a caixa de diálogo de configuração de consentimento.",Methods executed when a popup is identified by a detector. They serve different purposes like opening and saving the consent configuration dialog.
PRESENT_MATCHER,presentMatcher,tilstedeMatcher,presentMatcher,VorhandenVergleicher,Presentcomparator,presentMatcher,presentMatcher
PRESENT_MATCHER_HELP,This matcher determines whether a CMP popup is present on the page,"Denne matcher afgør, om der er en CMP-popup på siden",This matcher determines if there is a CMP popup on the page,"Dieser Matcher bestimmt, ob ein CMP-Popup auf der Seite vorhanden ist",This matcher determines if a CMP popup is present on the page,Este 'matcher' determina se um pop-up de CMP existe na página,This 'matcher' determines if a CMP popup exists on the page
SHOWING_MATCHER,showingMatcher,visesMatcher,visesMatcher,AnzeigenMatcher,Show Matcher,showingMatcher,showingMatcher
SHOWING_MATCHER_HELP,This matcher determines if a CMP popup is currently showing,"Denne matcher afgør, om en CMP-popup i øjeblikket vises",This matcher determines whether a CMP popup is currently displayed,"Dieser Vergleicher ermittelt, ob ein CMP-Popup derzeit angezeigt wird",This comparator determines whether a CMP popup is currently displayed,Este 'matcher' determina se um pop-up de CMP está sendo exibido no momento,This 'matcher' determines if a CMP popup is currently displayed
TARGET,target,mål,goal,Ziel,target,alvo,target
TARGET_HELP,The target of the selection,Målet for udvælgelsen,The objective of the selection,Das Ziel der Auswahl,The goal of the selection,O alvo da seleção,The selection target
PARENT,parent,forælder,Parent,Elternteil,parent,pai,pai
PARENT_HELP,An optional parent to search for before starting the search for the target from there,"En valgfri forælder at søge efter, før du søgningen efter målet startes derfra",An optional parent to search for before you start the search for the target from there,"Ein optionales Elternteil, nach dem gesucht wird, bevor die Suche nach dem Ziel von dort aus beginnt",An optional parent to search for before starting the search for the target from there,"Pai opcional prévio de busca, antes de iniciar a pesquisa do alvo","Optional parent search prior, before starting target search"
SELECTOR,selector,vælger,choose,Wähler,voters,seletor,selector
SELECTOR_HELP,CSS selector that points to a DOM node,"CSS-vælger, der peger på en DOM-node",CSS selector that points to a DOM node,"CSS-Selektor, der auf einen DOM-Knoten zeigt",CSS selector pointing to a DOM node,Seletor CSS que aponta para um nó DOM,CSS selector pointing to a DOM node
TEXT_FILTER,textFilter,tekstFilter,textFilter,TextFilter,TextFilter,textFilter,textFilter
TEXT_FILTER_HELP,A text filter applied to the found DOM nodes based on their content,Et tekstfilter anvendt på de fundne DOM-noder baseret på deres indhold,A text filter applied to the found DOM nodes based on their content,"Ein Textfilter, der auf die gefundenen DOM-Knoten basierend, auf ihrem Inhalt angewendet wird",A text filter that is applied to the content of the found DOM nodes based on their content,Filtro de texto aplicado aos nós DOM encontrados com base em seu conteúdo,Text filter applied to DOM nodes found based on their content
IFRAME_FILTER,iframeFilter,iframeFilter,iframeFilter,IframeFilter,IframeFilter,iframeFilter,iframeFilter
IFRAME_FILTER_HELP,Only trigger if inside an iframe,Match kun hvis inde i en iframe,Match only if inside an iframe,"Nur auslösen, wenn innerhalb eines iframe",Trigger only if inside an iframe,Só acionar se estiver dentro de um iframe,Only fire if inside an iframe
DISPLAY_FILTER,displayFilter,displayFilter,displayFilter,DisplayFilter,DisplayFilter,displayFilter,displayFilter
DISPLAY_FILTER_HELP,Only trigger if the DOM node has 'display' set to not 'none',Match kun hvis DOM-noden har 'display' sat til noget andet end 'none',Match only if the DOM node has 'display' set to something other than 'none',"Wird nur ausgelöst, wenn der DOM-Knoten display nicht auf 'none' gesetzt ist.",Dispatched only if the DOM node display is not set to 'none'.,Acionar apenas se o nó DOM tiver 'exibir' definido como não 'nenhum',Trigger only if DOM node has 'display' set to not 'none'
CHILD_FILTER,ChildFilter,BarnFilter,ChildFilter,KindFilter,KindFilter,ChildFilter,ChildFilter
CHILD_FILTER_HELP,Only trigger if child matching this DOM node selector is found,"Match kun, hvis der findes et barn, der matcher denne DOM-nodevælger",Match only if there is a child that matches this DOM node selector,"Nur auslösen, wenn ein Kind gefunden wird, das diesem DOM-Knoten-Selektor entspricht",Fire only when a child matching this DOM node selector is found,Acionar apenas se o filho correspondente a este seletor de nó DOM for encontrado,Fire only if child corresponding to this DOM node selector is found
ACTIONS,actions,handlinger,actions,Aktionen,Actions,ações,actions
ACTIONS_HELP,Each of these actions will be performed in order,Hver af disse handlinger vil blive udført i rækkefølge,Each of these actions will be performed in sequence,Jede dieser Aktionen wird der Reihe nach durchgeführt,Each of these actions is performed in turn,Cada uma dessas ações será executada em ordem,Each of these actions will be performed in order
SELECTOR_HELP_LIST,CSS selector that points to a list of DOM nodes,"CSS-vælger, der peger på en liste over DOM-noder",CSS selector that points to a list of DOM nodes,"CSS-Selektor, der auf eine Liste von DOM-Knoten verweist",CSS selector pointing to a list of DOM nodes,Seletor CSS que aponta para uma lista de nós DOM,CSS selector that points to a list of DOM nodes
ACTION,action,handling,handling,Aktion,action,ação,action
ACTION_HELP,The action to perform for each of the targets found by the selector,"Den handling, der skal udføres for hvert af målene fundet af vælgeren",The action to take for each of the targets found by the selector,"Die Aktion, die für jedes der vom Selektor gefundenen Ziele durchgeführt werden soll",The action to take on each of the targets found by the selector,A ação a ser executada para cada um dos destinos encontrados pelo seletor,The action to take for each of the targets found by the selector
IF_TRUE_ACTION,trueAction,sandHandling,sandHandling,wahrAktion,trueaction,trueAction,trueAction
IF_TRUE_ACTION_HELP,The action to execute if true,"Handlingen, der skal udføres, hvis sand",The action to perform if true,"Die Aktion, die ausgeführt werden soll, wenn wahr",The action to take if true,A ação a ser executada se for verdadeira,The action to take if true
IF_FALSE_ACTION,falseAction,falskHandling,falseAction,falschAktion,wrong action,falseAction,falseAction
IF_FALSE_ACTION_HELP,The action to execute if false,"Handlingen, der skal udføres, hvis falsk",The action to perform if false,"Die Aktion, die ausgeführt werden soll, wenn falsch",The action to take if false,A ação a ser executada se for falsa,The action to take if false
SELECTOR_CLICK_HELP,CSS selector that points to the DOM node that should be clicked,"CSS-vælger, der peger på den DOM-node, der skal klikkes på",CSS selector that points to the DOM node to be clicked,"CSS-Selektor, der auf den DOM-Knoten zeigt, der angeklickt werden soll",CSS selector pointing to the DOM node to click on,Seletor CSS que aponta para o nó DOM que deve ser clicado,CSS selector that points to the DOM node that should be clicked
OPEN_IN_TAB,openInTab,åbenIFane,openIFab,öffnenInTab,openInTab,openInTab,openInTab
OPEN_IN_TAB_HELP,If what is clicked is a link then optionally check this box to open it in a new tab,"Hvis det, der klikkes på, er et link, så marker valgfrit dette felt for at åbne det i en ny fane","If what is being clicked is a link, optionally check this box to open it in a new tab","Wenn es sich bei dem angeklickten Element um einen Link handelt, können Sie dieses Kästchen ankreuzen, um ihn in einem neuen Tab zu öffnen.","If the item you clicked is a link, you can check this box to open it in a new tab.","Se o que for clicado for um link, você pode marcar opcionalmente esta caixa para abri-lo em uma nova aba","If what is clicked is a link, you can optionally check this box to open it in a new tab"
SELECTOR_HIDE_HELP,CSS selector that points to the DOM node that should be hidden,"CSS-vælger, der peger på den DOM-node, der skal skjules",CSS selector that points to the DOM node to hide,"CSS-Selektor, der auf den DOM-Knoten zeigt, der ausgeblendet werden soll",CSS selector pointing to the DOM node to be hidden,Seletor CSS que aponta para o nó DOM que deve ser ocultado,CSS selector that points to the DOM node that should be hidden
DOM_NODE_SELECTOR,DOM node selector,DOM-nodevælger,DOM node selector,DOM-Knoten Wähler,DOM node selector,Seletor de nó DOM,DOM node selector
TARGET_SLIDE_HELP,The target to perform a slide gesture on,Målet der skal udføres en slidebevægelse på,The target on which a sliding movement is to be performed,"Das Ziel, auf dem eine Schiebegeste ausgeführt werden soll",The target to perform a slide gesture on,O alvo para executar um gesto de deslizamento,The target to perform a swipe gesture
DRAG_TARGET,dragTarget,trækMål,moveTarget,DragZiel,DragZiel,dragTarget,dragTarget
DRAG_TARGET_HELP,"The DOM node to drag the slider to, x or y wise depending on axis.","DOM-noden, som slideren skal trækkes til, x eller y afhængigt af aksen.","The DOM node to drag the slider to, x or y depending on the axis.","Der DOM-Knoten, auf den der Schieberegler gezogen werden soll, je nach Achse in x- oder y-Richtung.","The DOM node to drag the slider to, depending on the axis in x or y direction.","O nó DOM para o qual arrastar o controle deslizante, x ou y, dependendo do eixo.","The DOM node to drag the slider to, x or y, depending on the axis."
AXIS,Axis,Akse,Axis,Achse,axis,Eixo,Axle
AXIS_HELP,Direction of the slide,Retningen for slidebevægelsen,The direction of the wear movement,Richtung des Schiebereglers,direction of the slider,Direção do deslizamento,slip direction
X,X,X,X,X,X,X,X
Y,Y,Y,Y,Y,Y,Y,Y
WAIT_FOR,waitFor,ventPå,wait on,WarteAuf,Wait for,waitFor,waitFor
WAIT_FOR_HELP,The thing to wait for,Det der skal ventes på,What has to be waited for,"Die Sache, worauf gewartet werden soll",The thing to wait for,A coisa a esperar,the thing to wait
RETRIES,retries,forsøg,attempt,Wiederholungen,repetitions,novas tentativas,retries
RETRIES_HELP,How many times to repeat the search,Hvor mange gange søgningen skal gentages,How many times the search must be repeated,Wie oft soll die Suche wiederholt wird,How often should the search be repeated,Quantas vezes se deve repetir a pesquisa,How many times to repeat the search
WAIT_TIME,waitTime,venteTid,waiting time,Wartezeit,waiting period,waitTime,waitTime
WAIT_TIME_HELP,How long to wait after each search,Hvor lang tid der skal gå efter hver søgning,How long should elapse after each search,Wie lange gewartet werden soll nach jeder Suche,How long to wait after each search,Quanto tempo esperar após cada pesquisa,How long to wait after each survey
NEGATED,negated,negeret,would deny,verneint,denied,negado,denied
NEGATED_HELP,"If enabled, waits until selected DOM node no longer exists","Hvis aktiveret, venter, indtil valgte DOM-node ikke længere eksisterer","If enabled, waits until selected DOM node no longer exists","Falls aktiviert, wird gewartet, bis der ausgewählte DOM-Knoten nicht mehr existiert.","If enabled, waits until the selected DOM node no longer exists.","Se ativado, espera até que o nó DOM selecionado não exista mais","If enabled, wait until the selected DOM node no longer exists"
ACTION_WAIT_TIME_HELP,The amount of time to wait before continuing with the next action.,"Den tid, der skal ventes, før der fortsættes med den næste handling.",The time to wait before continuing with the next action.,"Die Zeitspanne, die gewartet werden soll, bevor mit der nächsten Aktion fortgefahren wird.",The amount of time to wait before proceeding to the next action.,A quantidade de tempo a esperar antes de avançar para a próxima ação.,The amount of time to wait before moving on to the next action.
TYPE,type,type,type,Art,Art,tipo,type
TYPE_HELP,The type of consent that this block handles,Typen af samtykke denne block skal håndtere,The type of consent this block must handle,"Die Art der Zustimmung, die diese Blockierung verarbeitet ",The type of consent processing this block,O tipo de consentimento que este bloco trata,The type of consent this block handles
TYPE_A_OPTION,A - Preferences and Functionality,A - Præferencer og funktionalitet,A - Preferences and Functionality,A - Präferenzen und Funktionalität,A - Preferences and Functionality,A - Preferências e Funcionalidade,A - Preferences and Functionality
TYPE_B_OPTION,B - Performance and Analytics,B - Ydelse og analyse,B - Performance and analysis,B - Leistung und Analytik,B - Performance and Analytics,B - Desempenho e Análise,B - Performance and Analysis
TYPE_D_OPTION,D - Information Storage and Access,D - Opbevaring og adgang til information,D - Storage and access to information,D - Informationsspeicherung und -zugriff,D - Information storage and access,D - Armazenamento e Acesso à Informação,D - Storage and Access to Information
TYPE_E_OPTION,"E - Content selection, delivery, and reporting","E - Indholdsvalg, levering og rapportering","E - Content selection, delivery and reporting","E - Auswahl, Bereitstellung und Berichterstattung von Inhalten","E - Content Selection, Delivery and Reporting","E - Seleção de conteúdo, entrega e relatórios","E - Content selection, delivery and reporting"
TYPE_F_OPTION,"F - Ad selection, delivery, and reporting","F - Annoncevalg, levering og rapportering","F - Ad selection, delivery and reporting","F - Anzeigenauswahl, -zustellung  und -berichterstattung","F - Ad selection, delivery and reporting","F - Seleção, entrega e relatórios de anúncios","F - Ad selection, delivery and reporting"
TYPE_X_OPTION,X - Other Purposes,X - Andre formål,X - Other purposes,X - Andere Zwecke,X - Other purposes,X - Outras Finalidades,X - Other Purposes
CONSENT_MATCHER,matcher,matcher,matcher,Vergleicher,comparator,matcher,matcher
CONSENT_MATCHER_HELP,"If this matcher triggers a match, it means the consent is currently given","Hvis denne matcher udløser et match, betyder det at samtykket i øjeblikket er givet","If this match triggers a match, it means that consent is currently given","Wenn dieser Abgleich eine Übereinstimmung auslöst, bedeutet dies, dass die Zustimmung derzeit gegeben ist","If this match triggers a match, that means consent is currently in place","Se este 'matcher' acionar uma correspondência, significa que o consentimento foi dado no momento","If this 'matcher' triggers a match, it means consent has been given at the time"
TOGGLE_ACTION,toggleAction,tilFraHandling,toFromAction,UmschaltAktion,ShiftAction,toggleAction,toggleAction
TOGGLE_ACTION_HELP,Use this action if the consent is given with a toggle state,"Brug denne handling, hvis samtykket er givet med en til/fra-tilstand",Use this action if the consent is given with an on/off state,"Verwenden Sie diese Aktion, wenn die Zustimmung mit einem Umschaltzustand erteilt wird",Use this action when consent is granted with a toggle state,Use esta ação se o consentimento for dado com um estado de alternância,Use this action if consent is given with a toggle state
CONSENT_TRUE_ACTION_HELP,"Use this action to set consent to true, non toggle style","Brug denne handling til at indstille samtykke til sandt, ikke til/fra-tilstand","Use this action to set consent to true, not on/off mode","Verwenden Sie diese Aktion, um die Zustimmung auf wahr zu setzen, ohne Umschaltstil","Use this action to set consent to true, without toggle style","Use esta ação para definir o consentimento como verdadeiro, sem alternância de estilo","Use this action to set consent to true, no style toggle"
CONSENT_FALSE_ACTION_HELP,"Use this action to set consent to false, non toggle style","Brug denne handling til at indstille samtykke til falsk, ikke til/fra-tilstand","Use this action to set consent to false, not on/off state","Verwenden Sie diese Aktion, um die Zustimmung auf falsch zu setzen, ohne Umschaltstil","Use this action to set consent to false, with no toggle style","Use esta ação para definir o consentimento como falso, sem alternância de estilo","Use this action to set consent to false, no style toggle"
DEBUG_TRANSLATION_DESCRIPTION,"When translation is missing, dont default to english, but instead show debug token.","Brug ikke som standard engelsk, hvis en oversættelse mangler.",Do not default to English if a translation is missing.,"Wenn die Übersetzung fehlt, nicht standardmäßig Englisch, sondern Debug-Token anzeigen.","If translation is missing, do not default to English, but show debug tokens.","Quando não houver tradução, não use inglês como padrão, mas mostre o token de debugging.","When there is no translation, don't default to English, but show the debug token."
HIDE_CMP,HIDE_CMP,SKJUL_CMP,HIDE_CMP,AUSBLENDE_CMP,AUSBLENDE_CMP,HIDE_CMP,HIDE_CMP
OPEN_OPTIONS,OPEN_OPTIONS,ÅBEN_INDSTILLINGER,OPEN SETTINGS,ÖFFNE_EINSTELLUNGEN,OPEN_SETTINGS,OPEN_OPTIONS,OPEN_OPTIONS
DO_CONSENT,DO_CONSENT,UDFØR_SAMTYKKE,EXECUTE_CONSENT,AUSFÜHRE_ZUSTIMMUNG,EXECUTE_CONSENT,DO_CONSENT,DO_CONSENT
SAVE_CONSENT,SAVE_CONSENT,GEM_SAMTYKKE,SAVE CONSENT,SPEICHERE_ZUSTIMMUNG,SAVE_CONSENT,SAVE_CONSENT,SAVE_CONSENT
MY_CMP,myCmp,minCmp,minCmp,meinCmp,mensump,myCmp,myCmp
OPTIONS_TITLE,Consent-O-Matic Options,Consent-O-Matic indstillinger,Consent-O-Matic indstillinger,Consent-O-Matic Einstellungen,Consent-O-Matic settings,Opções do Consent-O-Matic,Consent-O-Matic Options
ARE_YOU_SURE,Are you sure?,Er du sikker?,Are you sure?,Sind Sie sicher?,Are you sure?,Tem certeza?,He is sure?
UNHANDLED_EXPLAINER,The site will be added to our list of sites to review,Siden bliver tilføjet til vores liste af sider der skal gennemgåes,The page will be added to our list of pages to review,Die Website wird in unsere Liste der zu überprüfenden Websites aufgenommen,The site will be added to our list of sites to review,O site é adicionado à nossa lista de sites para revisão,The site is added to our list of sites for review
CANCEL,Cancel,Afbryd,Disconnect,Abbrechen,Abort,Cancelar,Cancel
SEND,Submit,Indsend,Submit,Einsenden,submit,Enviar,Submit
THANKS,Thank you!,Mange tak!,Thank you!,Vielen Dank!,Thanks very much!,Obrigada!,Thanks!
NO-CONFIRM,Don't ask next time,Spørg ikke næste gang,Don't ask next time,Nächstes Mal nicht fragen,Don't ask next time,Não perguntar na próxima vez,don't ask next time
SKIP_SUBMIT_CONFIRMATION,Avoid having to confirm each time when sending reports about badly handled websites using the addon popup,Undgå at skulle bekræfte hver gang når der sendes rapport omkring dårligt håndterede websites via addon popuppen,Avoid having to confirm every time when a report about badly handled websites is sent via the addon popup,"Vermeiden Sie nicht mehr jedes Mal bestätigen zu müssen, wenn Sie Berichte über schlecht gehandhabte Websites über das Addon-Popup senden.",Avoid having to confirm every time you send reports about poorly handled websites via the addon popup anymore.,Evite ter que confirmar toda vez que enviar relatórios sobre sites mal administrados usando o pop-up do complemento,Avoid having to confirm every time you submit reports about mismanaged sites using the add-on popup
UTILITY,UTILITY,UTILITY,UTILITY,DIENSTPROGRAMM,UTILITY,UTILITY,UTILITY
CMP,Consent Management Provider,Samtykke-popup-udbyder,Consent Popup Provider,Einwilligungsverwaltungsanbieter,Consent Management Provider,Consent Management Provider,Consent Management Provider
POPUPS_FILLED,Popups Filled,Udfyldte Popups,Completed Popups,Popups gefüllt,Popups filled,Pop-ups preenchidos,Popups filled
CLICKS_MADE,Clicks Made,Antal Klik,Number of Clicks,Klicks gemacht,clicks made,Cliques Feitos,Clicks Made
HIDE_INSTEAD_OF_PIP_DESCRIPTION,Hide instead of using Picture In Picture,Skjul istedet for at bruge billed i billed,Hide instead of using picture in picture,Ausblenden statt Bild-in-Bild verwenden,Use fade instead of picture-in-picture,Ocultar em vez de usar Picture In Picture,Hide em instead of using Picture In Picture
IF_ALLOW_ALL_ACTION,IfAllowAllAction,IfAllowAllHandling,IfAllowAllHandling,IfAllowAllAktion,IfAllowAllAction,IfAllowAllAction,IfAllowAllAction
IF_ALLOW_NONE_ACTION,IfAllowNoneAction,IfAllowNoneHandling,IfAllowNoneHandling,IfAllowNoneAktion,IfAllowNoneAktion,IfAllowNoneAction,IfAllowNoneAction
DETECTOR_DESCRIPTION,Used to detect the presence of a CMP,Bruges til at detektere tilstedeværelsen af en CMP,Used to detect the presence of a CMP,"Wird verwendet, um das Vorhandensein eines CMP zu erkennen",Used to detect the presence of a CMP,Usado para detectar a presença de um CMP,Used to detect the presence of a CMP
CSS_MATCHER_DESCRIPTION,Matches if the css selector is found,"Matcher, hvis css-vælgeren er fundet",Matches if the css selector is found,"Stimmt überein, wenn der CSS-Selektor gefunden wird",Matches if the CSS selector is found,Corresponde se o seletor css for encontrado,Matches if css selector is found
CHECKBOX_MATCHER_DESCRIPTION,"Matches if the checkbox is found, and checked","Matcher, hvis afkrydsningsfeltet er fundet og markeret",Matches if the checkbox is found and selected,"Stimmt überein, wenn das Kontrollkästchen gefunden und aktiviert wird",Matches if the check box is found and checked,Corresponde se a caixa de seleção for encontrada e marcada,Matches if checkbox is found and checked
CLICK_ACTION_DESCRIPTION,Clicks the element found by the css selector,Klik på elementet fundet af css-vælgeren,Click on the element found by the css selector,Klickt auf das vom CSS-Selektor gefundene Element,Clicks on the element found by the CSS selector,Clica no elemento encontrado pelo seletor css,Click on element found by css selector
MULTICLICK_ACTION_DESCRIPTION,Clicks all elements found by the css selector at once,Klik på alle elementerne fundet af css-vælgeren på én gang,Click all the elements found by the css selector at once,Klickt alle vom CSS-Selektor gefundenen Elemente auf einmal an,Clicks all elements found by the CSS selector at once,,
CONSENT_ACTION_DESCRIPTION,Handles consent based on users choice,Håndterer samtykke baseret på brugernes valg,Handles consent based on users' choices,Verarbeitet die Zustimmung basierend auf der Wahl des Benutzers,Processes the consent based on the user's choice,Lida com o consentimento com base na escolha dos usuários,Handles consent based on users choice
LIST_ACTION_DESCRIPTION,Allows multiple actions to be run after each other,"Tillader, at flere handlinger køres efter hinanden",Allows multiple actions to run consecutively,Ermöglicht die Ausführung mehrerer Aktionen nacheinander,Allows multiple actions to be performed one after the other,Permite que várias ações sejam executadas uma após a outra,Allows multiple actions to be performed one after the other
WAIT_CSS_ACTION_DESCRIPTION,Waits until a css selector is found,Venter indtil en css-vælger er fundet,Waits until a css selector is found,"Wartet, bis ein CSS-Selektor gefunden wird",Waits for a CSS selector to be found,Aguarda até que um seletor css seja encontrado,Wait until a css selector is found
IF_CSS_ACTION_DESCRIPTION,"True if the css selector can be found, false otherwise","Sandt, hvis css-vælgeren kan findes, ellers falsk","True if the css selector can be found, false otherwise","Wahr, wenn der CSS-Selektor gefunden werden kann, andernfalls falsch","True if the CSS selector can be found, false otherwise","True se o seletor css puder ser encontrado, false caso contrário","True if css selector can be found, false otherwise"
IF_ALLOW_ALL_ACTION_DESCRIPTION,"True, if the user has all consents allowed, false otherwise","Sandt, hvis brugeren har alle samtykker tilladt, falsk ellers","True if the user has all consents allowed, false otherwise","Wahr, wenn dem Benutzer alle Einwilligungen erlaubt sind, andernfalls falsch","True if the user is allowed all consents, false otherwise","Verdadeiro, se o usuário tiver todos os consentimentos permitidos, falso caso contrário","True if user has all allowed consents, false otherwise"
IF_ALLOW_NONE_ACTION_DESCRIPTION,"True, if the user has all consents rejected, false otherwise","Sandt, hvis brugeren har alle samtykker afvist, falsk ellers","True if the user has all consents declined, false otherwise","Wahr, wenn dem Benutzer alle Einwilligungen abgelehnt hat, andernfalls false","True if the user has denied all consents, false otherwise","Verdadeiro, se o usuário tiver todos os consentimentos rejeitados, falso caso contrário","True if user has all consents rejected, false otherwise"
FOR_EACH_ACTION_DESCRIPTION,Runs an action for each selected element,Kører en handling for hvert valgte element,Runs an action for each selected item,Führt eine Aktion für jedes ausgewählte Element aus,Performs an action on each selected item,Executa uma ação para cada elemento selecionado,Performs an action for each selected element
SLIDE_ACTION_DESCRIPTION,Simulates interacting with a slider,Simulerer interaktion med en slider,Simulates interaction with a slider,Simuliert die Interaktion mit einem Schieberegler,Simulates interaction with a slider,Simula a interação com um controle deslizante,Simulates interaction with a slider
CLOSE_ACTION_DESCRIPTION,Closes the current window/tab,Lukker det aktuelle vindue/faneblad,Closes the current window/tab,Schließt das aktuelle Fenster/Tab,Closes the current window/tab,Fecha a janela/guia atual,Close current window/tab
HIDE_ACTION_DESCRIPTION,Hides the element found with the given css selector.,Skjuler elementet fundet med den givne css-vælger.,Hides the element found with the given css selector.,"Blendet das Element aus, das mit dem angegebenen CSS-Selektor gefunden wurde.",Hides the element found with the specified CSS selector.,Oculta o elemento encontrado com o seletor css fornecido.,Hides the element found with the given css selector.
WAIT_ACTION_DESCRIPTION,Waits a given amount of time before continuing,"Venter et givet stykke tid, før der fortsættes",Waits a certain amount of time before continuing,"Wartet eine bestimmte Zeit, bevor fortgefahren wird",Waits a specified amount of time before continuing,Aguarda um determinado período de tempo antes de continuar,Wait a certain amount of time before continuing
CONSENT_DESCRIPTION,"Used to handle consent, inside a ConsentAction",Bruges til at håndtere samtykke inde i en ConsentHandling,Used to handle consent inside a ConsentHandling,"Wird verwendet, um die Zustimmung innerhalb einer ConsentAction zu verarbeiten",Used to process consent within a ConsentAction,"Usado para lidar com o consentimento, dentro de um ConsentAction","Used to handle consent, inside a ConsentAction"
DOM_SELECTOR_DESCRIPTION,"A css selector, with filters",En css-vælger med filtre,A css selector with filters,Ein CSS-Selektor mit Filtern,A CSS selector with filters,"Um seletor css, com filtros","A css selector, with filters"
HIDE_FROM_DETECTION,Hide from detection,Skul fra at blive opdaget,Avoid being discovered,Vor Entdeckung verstecken,Hide from discovery,Ocultar da detecção,hide from detection
HIDE_FROM_DETECTION_HELP,"Make sure this element and its children, is never detected by ConsentOMatic","Sørg for, at dette element og dets børn aldrig bliver opdaget af ConsentOMatic",Ensure that this element and its children are never detected by ConsentOMatic,"Stellen Sie sicher, dass dieses Element und seine untergeordneten Elemente niemals von ConsentOMatic erkannt werden",Ensure that this element and its children are never recognized by ConsentOMatic,Certifique-se de que este elemento e seus filhos nunca sejam detectados pelo ConsentOMatic,Make sure this element and its children are never detected by ConsentOMatic
FORCE_HIDE,Force hide,Tving skjul,Force hide,Ausblenden erzwingen,Force Hide,Forçar ocultação,force hide
FORCE_HIDE_HELP,"Force hiding this element, instead of using picture in picture",Tving at dette element bliver skjult i stedet for at bruge billede i billede,Force this element to be hidden instead of using picture in picture,"Erzwingen Sie das Ausblenden dieses Elements, anstatt Bild in Bild zu verwenden",Force hide this element instead of using picture in picture,"Forçar a ocultação deste elemento, em vez de usar imagem em imagem",Force hide this element instead of using picture in picture
NEGATED_CHECKBOX_HELP,"If checked, the checkbox count as checked when not checked, and vice versa","Hvis markeret, tæller afkrydsningsfeltet som markeret, når det ikke er markeret, og omvendt","If checked, the checkbox counts as checked when unchecked, and vice versa","Wenn es aktiviert ist, zählt das Kontrollkästchen als aktiviert, wenn es nicht aktiviert ist, und umgekehrt","If checked, the checkbox counts as checked, if not checked, and vice versa","Se marcada, a caixa de seleção conta como marcada quando não marcada e vice-versa","If checked, the checkbox counts as checked when unchecked and vice versa"
RUN_ROOTED_ACTION,RunRootedAction,,,,,,
RUN_ROOTED_ACTION_DESCRIPTION,"Run an action rooted at the selected dom element. Ignores any current root set, and sets old root afterwards.",,,,,,
RUN_METHOD_ACTION,RunMethodAction,,,,,,
RUN_METHOD_ACTION_DESCRIPTION,Runs a custom method.,,,,,,
ADD_METHOD,Add method,,,,,,
ADD_METHOD_PROMPT,Name of new method:,,,,,,
IGNORE_OLD_ROOT,Ignore old root,,,,,,
IGNORE_OLD_ROOT_HELP,"Ignores any root set, and restarts from document",,,,,,
METHOD,Method,,,,,,
METHOD_HELP,The method to run,,,,,,
NEGATED_URL_HELP,"When enabled, this matcher matches, if none of the URL's match",,,,,,
